,Time,a,b,c,d,e,f,g,h,i,j,k,l,m,n,o,p,q,r,s,t,tb,ts,u,v,w,x,y,z
0,14:46 28/06/2017,AAA,34.4,36.8,32.0,34.15,20.0,34.2,8.0,34.3,20.0,-0.30000000000000004,34.4,464.8,20409.2,34.4,134.1,34.45,0.1,34.5,101.0,0,0,0,34.6,34.0,55.5,3113.2,1
1,09:59 28/06/2017,AAM,10.6,11.3,9.86,9.9,40.0,9.91,30.0,9.92,30.5,0.0,10.6,0.2,0.2,10.6,24.1,10.65,20.0,10.7,21.0,0,0,0,10.6,10.6,0.0,0.0,1
2,14:46 28/06/2017,ABT,38.5,41.15,35.85,37.5,2.6,38.0,22.3,38.2,11.1,0.2,38.7,0.5,142.9,38.65,0.2,38.7,3.6,38.75,0.2,0,0,0,38.95,38.0,0.5,10.0,1
3,14:46 28/06/2017,ACC,27.5,29.4,25.6,26.6,20.7,26.7,1.1,26.8,1.0,-0.2,27.3,0.1,99.2,27.3,0.9,27.4,9.9,27.5,20.0,0,0,0,27.7,27.3,0.0,0.0,1
4,13:02 28/06/2017,ACL,8.38,8.96,7.8,7.8,0.1,8.33,141.4,8.35,10.0,0.1,8.48,0.1,9.0,8.48,32.3,8.49,4.0,8.5,80.6,0,0,0,8.48,8.38,0.0,0.0,1
5,14:46 28/06/2017,ADS,19.5,20.85,18.15,19.45,13.0,19.5,12.0,19.55,11.6,0.15,19.65,0.30000000000000004,1356.1,19.65,35.5,19.75,33.0,19.85,34.7,0,0,0,19.75,19.5,0.0,0.0,1
6,,AGF,10.0,10.7,9.3,9.34,0.5,9.35,0.5,9.6,27.0,0.0,0.0,0.0,0.0,10.0,7.7,10.05,4.0,10.1,2.2,0,0,0,0.0,0.0,0.0,0.0,1
7,14:46 28/06/2017,AGM,9.11,9.74,8.48,9.12,14.3,9.13,10.0,9.2,5.0,0.34,9.45,0.1,2.9,9.45,4.7,9.5,38.1,9.74,1.0,0,0,0,9.5,9.3,0.1,0.0,1
8,14:46 28/06/2017,AGR,3.76,4.02,3.5,3.7800000000000002,10.5,3.79,65.0,3.8,161.0,0.04,3.8,264.8,4373.7,3.83,100.1,3.84,55.0,3.85,181.0,0,0,0,3.8,3.67,0.0,0.0,1
9,14:46 28/06/2017,AMD,12.35,13.2,11.5,12.6,896.5,12.65,607.7,12.7,427.3,0.4,12.75,1588.4,18346.5,12.75,112.9,12.8,269.6,12.85,16.5,0,0,0,12.75,12.35,10.0,100.0,1
10,14:46 28/06/2017,ANV,11.2,11.95,10.45,10.5,200.0,10.8,100.0,11.2,1.0,0.2,11.4,6.4,220.4,11.4,58.6,11.5,20.9,11.8,80.1,0,0,0,11.4,11.2,6.0,0.0,1
11,14:46 28/06/2017,APC,27.2,29.1,25.3,26.9,4.0,27.0,4.5,27.1,2.6,-0.1,27.1,3.0,118.0,27.2,22.0,27.3,60.6,27.4,15.0,0,0,0,27.2,27.0,0.0,0.0,1
12,14:46 28/06/2017,APG,4.97,5.31,4.63,4.75,0.2,4.76,15.0,4.8,20.0,0.01,4.98,1.0,1142.1,4.97,9.4,4.98,114.4,4.99,50.0,0,0,0,4.98,4.75,0.0,0.30000000000000004,1
13,14:46 28/06/2017,ASM,14.0,14.95,13.05,13.85,807.2,13.9,727.0,13.95,500.6,-0.05,14.0,50.1,16332.9,14.0,153.7,14.05,120.0,14.1,26.4,0,0,0,14.0,13.95,0.0,0.0,1
14,14:46 28/06/2017,ASP,4.7,5.02,4.38,4.52,10.0,4.61,0.5,4.7,0.8,0.0,4.7,43.4,124.0,4.79,40.4,4.8,10.0,4.9,9.7,0,0,0,4.7,4.7,0.0,0.0,1
15,14:46 28/06/2017,ATG,2.95,3.15,2.75,3.01,460.0,3.02,50.0,3.03,15.0,0.08,3.03,107.8,5627.8,3.05,1041.0,3.06,58.5,3.07,20.0,0,0,0,3.13,2.86,0.0,0.0,1
16,14:06 28/06/2017,BBC,108.5,116.0,101.0,106.1,0.7000000000000001,107.0,0.1,108.0,0.1,-0.5,108.0,1.2,1.5,111.0,0.2,112.0,1.0,112.1,0.30000000000000004,0,0,0,108.5,108.0,0.0,0.0,1
17,14:46 28/06/2017,BCE,5.8,6.2,5.4,5.87,100.1,5.88,4.0,5.99,131.0,0.2,6.0,52.4,883.4,6.0,41.4,6.02,5.0,6.03,14.0,0,0,0,6.0,5.8,0.0,0.0,1
18,14:46 28/06/2017,BCG,7.86,8.41,7.31,7.9,467.2,7.91,74.9,7.92,110.3,0.06,7.92,332.4,6084.6,7.93,137.2,7.94,30.0,7.95,1743.4,0,0,0,8.0,7.8,3040.0,0.0,1
19,14:05 28/06/2017,BCI,26.0,27.8,24.2,25.7,45.0,25.8,5.0,25.9,7.3,-0.1,26.0,3.7,97.7,26.0,16.3,26.1,23.0,26.2,13.0,0,0,0,26.0,25.7,0.0,0.0,1
20,14:46 28/06/2017,BFC,41.1,43.95,38.25,41.35,10.0,41.4,9.0,41.5,7.7,0.6000000000000001,41.7,50.8,963.6,41.7,19.2,41.8,39.1,41.9,3.0,0,0,0,42.2,41.0,0.0,0.0,1
21,14:09 28/06/2017,BHN,78.8,84.3,73.3,77.1,5.0,77.2,1.0,77.3,0.1,-0.1,78.7,0.1,0.5,78.7,6.3,78.8,84.4,78.9,5.0,0,0,0,78.7,77.5,0.1,0.0,1
22,14:46 28/06/2017,BHS,23.4,25.0,21.8,23.8,1117.8,23.85,95.7,23.9,271.4,0.5,23.9,626.9,27240.4,23.95,104.5,24.0,1165.0,24.05,187.0,0,0,0,24.15,23.3,2528.0,138.5,1
23,14:46 28/06/2017,BIC,39.5,42.25,36.75,38.35,1.0,38.5,0.2,38.6,0.30000000000000004,-0.2,39.3,16.2,141.9,39.3,28.2,39.4,20.0,39.5,148.6,0,0,0,39.3,38.3,54.0,141.8,1
24,14:46 28/06/2017,BID,19.9,21.25,18.55,19.85,784.4,19.9,1668.0,19.95,265.8,0.05,19.95,1411.4,35842.2,20.0,396.2,20.05,300.0,20.1,270.1,0,0,0,20.2,19.7,289.0,20.0,1
25,14:46 28/06/2017,BMC,20.5,21.9,19.1,19.3,10.0,19.5,10.0,19.6,5.0,-0.30000000000000004,20.2,38.0,58.2,20.2,5.2,20.25,4.2,20.3,2.0,0,0,0,20.35,19.6,0.0,0.0,1
26,14:46 28/06/2017,BMI,27.45,29.35,25.55,26.8,36.0,26.85,2.0,26.9,4.0,-0.1,27.35,30.0,91.0,27.35,112.5,27.45,135.9,27.5,21.0,0,0,0,27.35,27.05,80.0,11.0,1
27,14:46 28/06/2017,BMP,101.4,108.4,94.4,99.4,5.1,99.5,7.3,99.6,3.9,-1.8,99.6,26.0,383.9,100.0,10.0,100.8,3.0,101.0,25.4,0,0,0,101.0,99.0,0.0,135.0,1
28,13:33 28/06/2017,BRC,10.5,11.2,9.77,0.0,0.0,9.8,20.0,10.5,15.0,0.1,10.5,5.0,6.8,10.6,12.0,10.65,10.0,10.7,10.0,0,0,0,10.6,10.5,0.0,0.0,1
29,13:26 28/06/2017,BTP,12.8,13.65,11.95,12.5,1.0,12.6,30.0,12.7,40.5,-0.1,12.8,1.7000000000000002,141.9,12.8,83.6,12.85,39.2,12.9,56.9,0,0,0,12.8,12.7,94.5,0.0,1
30,09:35 28/06/2017,BTT,38.0,40.65,35.35,35.6,1.0,35.7,0.1,38.0,0.1,-2.45,38.0,0.1,0.2,39.0,0.1,39.9,3.9,40.5,2.0,0,0,0,38.0,35.55,0.0,0.0,1
31,14:46 28/06/2017,BVH,57.3,61.3,53.3,57.1,111.7,57.2,641.3,57.5,152.2,0.30000000000000004,57.6,161.1,2220.4,57.6,21.4,57.7,50.3,57.8,71.4,0,0,0,57.6,57.2,980.2,0.0,1
32,14:46 28/06/2017,C32,42.7,45.65,39.75,42.5,278.8,42.55,45.1,42.6,1.0,0.2,42.9,13.2,984.4,42.9,9.3,43.0,80.8,43.1,0.5,0,0,0,42.9,42.2,0.0,0.0,1
33,14:46 28/06/2017,C47,18.25,19.5,17.0,18.5,80.1,18.6,50.0,18.7,100.0,0.65,18.9,188.0,4068.3,18.9,17.7,18.95,26.2,19.0,73.5,0,0,0,19.3,17.55,0.0,5.9,1
34,14:46 28/06/2017,CAV,58.2,62.2,54.2,57.5,26.6,57.6,40.0,57.8,0.30000000000000004,-0.2,58.0,11.0,560.6,58.0,29.1,58.1,47.8,58.2,27.0,0,0,0,58.4,57.6,0.0,0.0,1
35,14:46 28/06/2017,CCI,16.15,17.25,15.05,0.0,0.0,15.1,6.1,15.2,5.0,1.1,17.25,55.0,136.2,17.25,3.5,0.0,0.0,0.0,0.0,0,0,0,17.25,15.05,0.0,0.0,1
36,14:46 28/06/2017,CCL,5.72,6.12,5.32,6.0,171.6,6.1,120.0,6.12,3789.9,0.4,6.12,0.4,3549.6,0.0,0.0,0.0,0.0,0.0,0.0,0,0,0,6.12,6.0,0.0,92.1,1
37,13:53 28/06/2017,CDC,15.0,16.05,13.95,15.0,99.3,15.05,18.8,15.1,50.0,0.05,15.05,0.2,260.1,15.35,37.0,15.4,10.0,15.45,10.0,0,0,0,15.35,15.05,0.0,0.0,1
38,14:46 28/06/2017,CDO,3.49,3.73,3.25,3.5,317.5,3.51,170.0,3.52,152.3,0.03,3.52,61.3,3671.4,3.5300000000000002,646.7,3.54,108.5,3.55,225.3,0,0,0,3.55,3.5,508.2,0.0,1
39,14:46 28/06/2017,CEE,27.15,29.05,25.25,27.05,100.0,27.1,118.3,27.15,595.0,0.05,27.15,85.0,1772.2,27.2,134.6,27.3,140.0,27.35,1.8,0,0,0,27.2,26.9,14.8,0.0,1
40,14:46 28/06/2017,CHP,27.15,29.05,25.25,27.1,91.0,27.15,32.0,27.2,15.9,0.05,27.2,5.4,494.6,27.25,50.5,27.3,123.4,27.4,30.0,0,0,0,27.3,27.0,121.1,0.0,1
41,14:46 28/06/2017,CII,35.2,37.65,32.75,35.35,77.0,35.4,122.4,35.45,23.2,0.30000000000000004,35.5,889.4,5945.4,35.5,17243.4,35.55,11172.0,35.6,15920.4,0,0,0,35.6,35.1,1037.0,160.2,1
42,,CLC,69.6,74.4,64.8,66.5,20.0,66.9,0.5,68.4,0.5,0.0,0.0,0.0,0.0,69.6,2.2,69.8,1.0,69.9,0.9,0,0,0,0.0,0.0,0.0,0.0,1
43,14:46 28/06/2017,CLG,5.6,5.99,5.21,5.35,50.0,5.4,4.9,5.45,5.0,-0.15,5.45,20.1,57.2,5.69,1.0,5.7,69.6,5.8,21.5,0,0,0,5.7,5.4,0.0,20.1,1
44,13:23 28/06/2017,CLL,26.1,27.9,24.3,25.7,10.0,25.9,10.0,26.0,10.0,0.1,26.2,5.0,16.0,26.2,11.3,26.5,0.9,27.0,8.6,0,0,0,26.2,26.0,0.0,0.0,1
45,14:28 28/06/2017,CLW,19.0,20.3,17.7,0.0,0.0,17.8,33.0,18.5,20.0,1.25,20.25,0.1,0.1,20.25,1.7000000000000002,20.3,105.0,0.0,0.0,0,0,0,20.25,20.25,0.0,0.0,1
46,14:46 28/06/2017,CMG,17.1,18.25,15.95,16.95,2.0,17.0,233.6,17.1,60.0,0.05,17.15,30.9,1183.1,17.15,23.2,17.2,100.0,17.25,5.0,0,0,0,17.4,17.0,0.0,0.0,1
47,14:46 28/06/2017,CMT,11.0,11.75,10.25,0.0,0.0,0.0,0.0,11.0,0.9,0.4,11.4,1.0,1.1,11.4,8.9,11.45,68.2,11.5,112.6,0,0,0,11.7,11.4,0.0,0.0,1
48,,CMV,20.0,21.4,18.6,0.0,0.0,0.0,0.0,19.0,5.0,0.0,0.0,0.0,0.0,20.5,0.5,21.0,0.5,0.0,0.0,0,0,0,0.0,0.0,0.0,0.0,1
49,14:46 28/06/2017,CMX,4.2,4.49,3.91,0.0,0.0,3.92,3.0,4.0,88.9,-0.2,4.2,0.7000000000000001,11.9,4.2,25.5,4.4,42.6,4.49,127.4,0,0,0,4.2,4.0,0.0,0.0,1
50,14:46 28/06/2017,CNG,32.0,34.2,29.8,31.3,2.6,31.35,0.2,31.4,57.5,-0.1,31.9,0.30000000000000004,214.1,31.9,63.0,32.0,24.9,32.4,2.0,0,0,0,31.9,31.35,0.0,0.1,1
51,14:24 28/06/2017,COM,68.0,72.7,63.3,64.0,0.5,67.1,1.0,68.1,0.2,2.0,70.0,100.0,145.1,71.9,80.0,72.4,0.30000000000000004,0.0,0.0,0,0,0,70.0,63.3,0.0,0.0,1
52,14:46 28/06/2017,CSM,18.6,19.9,17.3,18.65,28.8,18.7,124.5,18.8,33.1,0.30000000000000004,18.9,118.4,2596.3,18.9,762.5,18.95,234.3,19.0,515.3,0,0,0,18.95,18.5,861.0,1.0,1
53,14:46 28/06/2017,CSV,32.0,34.2,29.8,32.3,10.8,32.4,50.0,32.6,1.0,0.8,32.8,60.9,962.4,32.8,17.2,32.9,23.0,33.0,118.1,0,0,0,33.0,32.0,0.0,173.1,1
54,14:46 28/06/2017,CTD,218.5,233.7,203.3,217.2,0.4,217.3,5.0,218.0,3.3,0.2,218.7,73.1,1067.3,218.7,78.6,218.8,45.9,218.9,16.4,0,0,0,219.5,218.0,531.6,22.2,1
55,14:46 28/06/2017,CTF,27.45,29.35,25.55,0.0,0.0,0.0,0.0,0.0,0.0,-1.9,25.55,0.30000000000000004,31.9,25.55,133.6,26.0,3.0,27.4,20.0,0,0,0,25.55,25.55,0.0,0.0,1
56,14:46 28/06/2017,CTG,20.0,21.4,18.6,19.95,1227.0,20.0,390.4,20.1,1100.0,0.15,20.15,321.1,13016.8,20.15,333.1,20.2,696.4,20.25,500.1,0,0,0,20.2,19.7,309.0,0.0,1
57,14:46 28/06/2017,CTI,29.2,31.2,27.2,30.0,135.0,30.1,35.0,30.2,1.6,1.0,30.2,563.4,10030.7,30.3,119.5,30.4,60.0,30.5,57.1,0,0,0,30.3,29.0,37.9,4.0,1
58,14:46 28/06/2017,CTS,12.15,13.0,11.3,12.2,223.4,12.3,500.3,12.35,243.0,0.25,12.4,459.5,8749.2,12.4,516.0,12.45,101.3,12.5,1066.4,0,0,0,12.55,12.15,475.0,0.0,1
59,14:46 28/06/2017,D2D,39.0,41.7,36.3,38.2,20.0,38.5,14.3,38.6,20.0,-0.4,38.6,35.0,178.5,38.9,10.0,39.0,109.8,39.3,19.4,0,0,0,39.0,38.6,9.9,0.0,1
60,14:46 28/06/2017,DAG,13.9,14.85,12.95,13.8,211.6,13.85,200.4,13.9,26.6,0.05,13.95,35.6,3640.8,13.95,115.5,14.0,120.0,14.05,221.3,0,0,0,14.1,13.85,0.0,2.0,1
61,14:46 28/06/2017,DAH,6.28,6.71,5.85,6.55,185.1,6.5600000000000005,172.9,6.57,136.8,0.29,6.57,11.2,9170.0,6.58,40.0,6.59,204.0,6.6,111.0,0,0,0,6.62,6.3,0.0,0.0,1
62,,DAT,41.4,44.25,38.55,0.0,0.0,0.0,0.0,0.0,0.0,0.0,0.0,0.0,0.0,43.25,0.8,43.3,0.1,0.0,0.0,0,0,0,0.0,0.0,0.0,0.0,1
63,14:46 28/06/2017,DCL,20.0,21.4,18.6,19.9,206.4,19.95,9.5,20.0,102.9,0.1,20.1,34.0,1352.8,20.1,52.9,20.2,18.0,20.25,96.3,0,0,0,20.25,19.85,0.0,0.0,1
64,14:46 28/06/2017,DCM,13.6,14.55,12.65,13.55,1177.2,13.6,7222.5,13.65,104.2,0.05,13.65,2033.5,22230.1,13.7,0.6000000000000001,13.75,974.1,13.8,1781.7,0,0,0,13.8,13.55,15.0,0.0,1
65,14:46 28/06/2017,DGW,15.0,16.05,13.95,14.6,249.0,14.65,90.0,14.7,89.9,-0.30000000000000004,14.7,204.1,1670.7,14.9,106.9,15.0,135.5,15.05,10.0,0,0,0,15.1,14.7,110.8,0.0,1
66,14:46 28/06/2017,DHA,33.0,35.3,30.7,33.0,0.4,33.1,15.5,33.3,15.7,0.30000000000000004,33.3,26.4,591.8,33.35,10.0,33.4,10.5,33.45,6.0,0,0,0,33.45,32.5,0.0,0.0,1
67,14:46 28/06/2017,DHC,32.5,34.75,30.25,31.7,1.0,31.8,54.1,31.9,46.0,-0.6000000000000001,31.9,5.0,406.5,32.0,49.0,32.5,49.7,33.1,20.0,0,0,0,33.3,31.9,0.30000000000000004,0.0,1
68,14:46 28/06/2017,DHG,123.0,131.6,114.4,123.8,5.0,124.0,21.8,124.2,2.6,1.2,124.2,50.0,1973.5,124.5,34.7,124.6,64.3,124.8,20.5,0,0,0,125.5,122.0,1082.5,1677.7,1
69,14:46 28/06/2017,DHM,7.65,8.18,7.12,7.4,1904.2,7.41,634.4,7.42,592.3,-0.23,7.42,539.2,21030.7,7.44,134.3,7.45,23.0,7.47,97.0,0,0,0,7.9,7.39,0.0,1.1,1
70,14:46 28/06/2017,DIC,6.93,7.41,6.45,6.93,5.5,6.94,0.1,6.95,5.0,0.05,6.98,12.0,1723.7,6.98,8.7,6.99,51.5,7.0,100.8,0,0,0,7.0,6.91,0.0,0.0,1
71,14:46 28/06/2017,DIG,14.35,15.35,13.35,14.45,594.0,14.5,3053.3,14.55,1425.0,0.25,14.6,1034.9,15000.7,14.6,577.9,14.65,1257.7,14.7,1094.5,0,0,0,14.7,14.3,0.0,10.0,1
72,14:46 28/06/2017,DLG,4.12,4.4,3.84,4.11,50.0,4.12,150.0,4.15,6.0,0.09,4.21,3680.6,18899.2,4.21,89.8,4.22,30.0,4.23,0.4,0,0,0,4.21,4.07,0.0,0.0,1
73,14:46 28/06/2017,DMC,130.5,139.6,121.4,128.1,1.0,129.0,4.0,130.0,2.7,-0.5,130.0,5.0,46.9,130.5,13.4,130.6,11.8,130.7,5.0,0,0,0,130.5,127.5,0.0,1.0,1
74,14:46 28/06/2017,DPM,23.05,24.65,21.45,22.8,181.5,22.85,227.5,22.9,609.3,-0.1,22.95,377.9,7734.7,22.95,39.0,23.0,532.2,23.05,554.4,0,0,0,23.1,22.9,2326.7,6.6,1
75,14:46 28/06/2017,DPR,43.5,46.5,40.5,43.4,0.30000000000000004,43.5,2.6,43.6,11.9,0.4,43.9,0.1,145.4,43.9,9.9,43.95,11.4,44.0,42.8,0,0,0,44.0,43.0,0.0,0.0,1
76,14:46 28/06/2017,DQC,46.8,50.0,43.55,46.7,80.4,46.8,69.1,46.9,11.1,0.4,47.2,1.1,178.4,47.2,6.0,47.3,5.4,47.4,2.1,0,0,0,47.3,46.8,0.0,0.0,1
77,14:46 28/06/2017,DRC,32.0,34.2,29.8,31.55,93.3,31.6,149.8,31.7,187.0,-0.4,31.6,230.1,3886.5,31.85,95.2,31.9,97.8,31.95,129.9,0,0,0,32.15,31.4,290.7,501.0,1
78,14:46 28/06/2017,DRH,29.85,31.9,27.8,29.85,86.0,29.9,9.0,29.95,70.0,0.15,30.0,344.0,5706.0,30.0,93.3,30.1,1.0,30.3,40.2,0,0,0,30.0,29.55,0.0,581.4,1
79,13:11 28/06/2017,DRL,39.1,41.8,36.4,39.05,30.0,39.1,25.0,39.2,30.0,0.4,39.5,0.30000000000000004,0.30000000000000004,40.0,1.5,40.15,30.0,40.2,10.0,0,0,0,39.5,39.5,0.30000000000000004,0.0,1
80,14:46 28/06/2017,DSN,54.0,57.7,50.3,54.0,66.2,54.1,20.2,54.2,90.2,0.2,54.2,0.2,43.2,54.4,16.7,54.5,24.8,54.6,11.3,0,0,0,54.5,54.0,0.0,0.0,1
81,14:46 28/06/2017,DTA,7.05,7.54,6.5600000000000005,0.0,0.0,0.0,0.0,6.5600000000000005,127.5,-0.49,6.5600000000000005,400.5,2725.7,6.8,3.1,6.9,12.7,6.91,1.0,0,0,0,6.92,6.5600000000000005,0.0,0.0,1
82,14:16 28/06/2017,DTL,25.65,27.4,23.9,0.0,0.0,23.9,354.0,24.0,65.2,-1.55,24.1,120.0,155.0,24.1,54.9,24.5,30.0,25.0,50.0,0,0,0,26.8,24.0,0.0,0.0,1
83,,DTT,10.5,11.2,9.77,0.0,0.0,0.0,0.0,10.5,5.0,0.0,0.0,0.0,0.0,11.1,3.5,0.0,0.0,0.0,0.0,0,0,0,0.0,0.0,0.0,0.0,1
84,14:46 28/06/2017,DVP,69.9,74.7,65.1,68.3,0.1,68.8,0.6000000000000001,68.9,0.1,-0.1,69.8,0.2,4.6,69.8,5.6,69.9,2.8,70.0,12.7,0,0,0,69.8,69.0,3.7,0.0,1
85,14:46 28/06/2017,DXG,17.0,18.15,15.85,16.85,1239.1,16.9,2641.7,16.95,1339.5,-0.05,17.0,2443.8,38221.0,17.0,363.4,17.05,136.4,17.1,211.5,0,0,0,17.25,16.9,781.7,60.0,1
86,09:15 28/06/2017,DXV,4.4,4.7,4.1,0.0,0.0,4.1,1.0,4.2,10.0,0.05,4.45,4.9,4.9,4.4,23.5,4.45,3.0,4.48,10.1,0,0,0,4.45,4.45,0.0,0.0,1
87,14:46 28/06/2017,EIB,12.7,13.55,11.85,12.45,133.7,12.5,378.7,12.55,83.2,-0.1,12.6,162.1,1749.8,12.6,173.8,12.7,357.7,12.8,296.6,0,0,0,12.7,12.5,1.0,0.0,1
88,14:46 28/06/2017,ELC,23.8,25.45,22.15,22.8,61.5,22.9,65.0,23.0,8.2,-0.8,23.0,8.2,1625.3,23.2,67.0,23.45,16.0,23.5,39.9,0,0,0,23.8,23.0,104.6,0.0,1
89,09:53 28/06/2017,EMC,17.5,18.7,16.3,0.0,0.0,17.5,5.8,18.7,29.9,1.2,18.7,0.1,0.1,0.0,0.0,0.0,0.0,0.0,0.0,0,0,0,18.7,18.7,0.0,0.0,1
90,14:46 28/06/2017,EVE,19.9,21.25,18.55,19.8,370.0,19.85,1.0,19.9,198.5,0.05,19.9,154.6,1220.8,20.0,30.0,20.05,17.3,20.1,218.3,0,0,0,20.15,19.9,0.0,0.0,1
91,14:46 28/06/2017,EVG,19.3,20.65,17.95,18.9,1055.6,18.95,1202.5,19.0,1241.0,-0.25,19.05,216.7,28309.7,19.05,223.8,19.1,884.3,19.15,856.1,0,0,0,19.45,18.4,43.6,0.0,1
92,14:46 28/06/2017,FCM,5.7,6.09,5.31,5.61,1.0,5.62,50.5,5.65,5.4,-0.05,5.65,14.7,2166.6,5.68,3.0,5.69,25.2,5.7,134.4,0,0,0,5.7,5.57,17.6,0.0,1
93,14:46 28/06/2017,FCN,26.4,28.2,24.6,27.5,132.0,27.55,105.0,27.6,18.0,1.3,27.7,706.8,22324.8,27.7,227.5,27.75,41.0,27.8,233.2,0,0,0,27.95,26.2,0.0,0.0,1
94,14:46 28/06/2017,FDC,25.7,27.45,23.95,25.95,1.0,26.5,30.0,27.45,78.8,1.7000000000000002,27.4,71.2,102.3,0.0,0.0,0.0,0.0,0.0,0.0,0,0,0,27.4,24.0,0.0,0.0,1
95,14:46 28/06/2017,FIT,5.42,5.79,5.05,5.62,321.0,5.63,31.2,5.65,30.0,0.25,5.67,1339.8,39051.3,5.67,1651.7,5.68,533.1,5.69,644.9,0,0,0,5.7,5.43,0.0,728.0,1
96,14:46 28/06/2017,FLC,7.27,7.77,6.77,7.27,2811.9,7.28,743.9,7.29,600.0,0.03,7.3,4096.5,62945.8,7.3,890.8,7.31,719.5,7.32,302.0,0,0,0,7.35,7.24,627.7,0.0,1
97,11:15 28/06/2017,FMC,16.7,17.85,15.55,16.55,31.7,16.6,31.6,16.7,6.3,0.2,16.7,3.7,110.1,16.8,110.0,16.9,26.9,16.95,56.2,0,0,0,16.9,16.7,0.0,0.0,1
98,14:46 28/06/2017,FPT,45.7,48.85,42.55,46.25,36.5,46.3,5.7,46.35,73.9,0.65,46.35,250.6,9403.0,46.4,160.0,46.45,115.0,46.5,177.6,0,0,0,46.4,45.65,1500.0,1502.0,1
99,14:46 28/06/2017,FTM,12.8,13.65,11.95,12.55,145.2,12.6,169.7,12.65,85.2,-0.1,12.7,31.9,2963.4,12.7,121.8,12.75,175.6,12.8,141.6,0,0,0,12.9,12.6,0.1,0.0,1
100,14:46 28/06/2017,FTS,12.4,13.25,11.55,12.15,30.0,12.3,100.0,12.35,130.0,0.05,12.45,100.0,526.1,12.45,204.3,12.5,287.1,12.55,100.4,0,0,0,12.45,12.4,0.0,0.0,1
101,14:46 28/06/2017,GAS,57.4,60.3,52.5,56.8,11.0,57.0,41.0,57.1,36.0,-0.1,57.3,189.9,5168.0,57.3,17.6,57.4,277.0,57.5,346.4,0,0,0,57.5,56.6,2972.4,30.0,1
102,14:16 28/06/2017,GDT,58.8,62.9,54.7,57.8,5.0,58.0,11.3,58.2,5.0,-0.30000000000000004,58.5,0.2,9.3,58.5,16.4,59.0,217.6,59.2,31.6,0,0,0,59.0,58.0,5.1,3.6,1
103,14:46 28/06/2017,GIL,43.5,46.5,40.5,42.8,69.1,42.85,0.2,42.9,17.5,-0.5,43.0,210.2,486.9,43.0,96.4,43.1,13.7,43.2,3.9,0,0,0,43.5,42.8,2.2,0.0,1
104,09:15 28/06/2017,GMC,29.7,31.75,27.65,29.0,5.0,29.1,1.2,29.6,1.2,0.8,30.5,0.1,0.1,30.0,189.9,30.2,40.0,30.5,2.8,0,0,0,30.5,30.5,0.1,0.0,1
105,14:46 28/06/2017,GMD,43.3,46.3,40.3,43.4,92.4,43.5,43.0,43.6,179.4,0.30000000000000004,43.6,233.2,8068.7,43.65,30.0,43.7,60.0,43.8,147.5,0,0,0,43.9,42.7,0.0,0.0,1
106,13:44 28/06/2017,GSP,13.05,13.95,12.15,12.9,50.0,12.95,12.6,13.0,50.0,0.05,13.1,60.0,628.6,13.05,100.0,13.1,93.6,13.15,38.7,0,0,0,13.1,12.85,0.0,90.0,1
107,14:46 28/06/2017,GTA,16.7,17.85,15.55,15.65,13.0,15.7,0.1,16.0,1.6,-0.7000000000000001,16.0,7.1,18.6,16.2,10.0,16.3,10.0,16.5,6.0,0,0,0,16.3,15.6,5.2,0.0,1
108,14:46 28/06/2017,GTN,17.3,18.5,16.1,17.45,164.3,17.5,141.6,17.55,144.5,0.25,17.55,206.1,9232.3,17.6,121.9,17.65,107.4,17.7,253.7,0,0,0,17.65,17.15,0.0,361.1,1
109,14:46 28/06/2017,HAG,9.35,10.0,8.7,9.46,14.2,9.47,1022.2,9.48,10.9,0.14,9.49,2475.1,23896.3,9.49,111.9,9.5,2071.5,9.51,15.1,0,0,0,9.49,9.25,494.9,126.8,1
110,14:46 28/06/2017,HAH,23.0,24.6,21.4,22.75,2.5,22.8,45.1,22.9,36.2,-0.1,23.0,180.9,1346.4,23.0,11.1,23.1,50.0,23.35,7.0,0,0,0,23.5,22.9,347.1,939.1,1
111,14:46 28/06/2017,HAI,3.92,4.19,3.65,4.1,823.6,4.11,29.7,4.12,292.3,0.21,4.13,366.3,63830.7,4.13,4.2,4.16,41.9,4.17,179.1,0,0,0,4.19,3.93,5.0,53.8,1
112,14:46 28/06/2017,HAP,4.48,4.79,4.17,4.43,10.0,4.44,3.2,4.47,21.2,-0.01,4.47,10.0,118.0,4.48,41.0,4.5,95.7,4.52,15.0,0,0,0,4.5,4.41,0.0,0.0,1
113,14:46 28/06/2017,HAR,4.3,4.6,4.0,4.2,159.6,4.21,21.3,4.22,217.9,-0.08,4.22,308.9,1030.9,4.23,18.5,4.25,50.0,4.28,45.9,0,0,0,4.3,4.2,0.0,0.0,1
114,14:46 28/06/2017,HAS,9.09,9.72,8.46,8.56,12.7,8.6,23.5,8.63,2.6,-0.46,8.63,4.5,17.0,8.98,11.5,9.0,30.0,9.08,10.0,0,0,0,9.09,8.55,0.1,0.0,1
115,14:46 28/06/2017,HAX,50.0,53.5,46.5,49.3,15.6,49.4,6.0,49.5,9.2,-0.1,49.9,5.6,1278.8,49.9,53.3,50.0,77.0,50.2,30.0,0,0,0,50.8,49.3,32.2,5.0,1
116,14:46 28/06/2017,HBC,64.7,69.2,60.2,64.6,359.2,64.7,440.3,64.8,221.0,0.1,64.8,357.3,10856.5,64.9,300.6,65.0,942.7,65.1,213.4,0,0,0,65.1,64.0,279.2,0.1,1
117,14:46 28/06/2017,HCD,8.23,8.8,7.66,8.27,150.0,8.28,100.0,8.29,0.2,0.06,8.29,69.8,1610.8,8.3,196.1,8.34,1.0,8.35,106.4,0,0,0,8.35,8.23,0.0,0.0,1
118,14:46 28/06/2017,HCM,44.95,48.05,41.85,43.95,5.0,44.0,52.7,44.1,15.0,-0.65,44.3,344.7,6587.6,44.3,20.9,44.4,70.0,44.45,27.8,0,0,0,44.95,43.7,54.5,160.1,1
119,14:46 28/06/2017,HDC,14.8,15.8,13.8,14.3,189.6,14.4,74.5,14.5,206.3,-0.2,14.6,294.1,2520.3,14.6,550.1,14.85,21.3,14.9,118.8,0,0,0,14.9,14.3,50.0,10.0,1
120,14:46 28/06/2017,HDG,30.5,32.6,28.4,29.5,3.5,29.6,5.0,29.7,3.5,-0.5,30.0,0.30000000000000004,76.8,30.0,88.4,30.4,249.7,30.5,198.4,0,0,0,30.4,29.6,0.0,0.0,1
121,14:46 28/06/2017,HHS,4.17,4.46,3.88,4.14,621.3,4.15,945.3,4.16,606.9,-0.01,4.17,591.0,14960.6,4.17,2317.6,4.18,337.0,4.19,80.0,0,0,0,4.22,4.15,128.3,1700.0,1
122,14:46 28/06/2017,HID,4.12,4.4,3.84,4.04,36.5,4.05,252.0,4.06,85.0,-0.05,4.07,100.1,3686.2,4.07,139.9,4.08,132.4,4.09,202.9,0,0,0,4.11,4.05,150.0,0.0,1
123,09:15 28/06/2017,HII,17.35,18.55,16.15,18.3,0.4,18.5,69.0,18.55,9062.7,1.2,18.55,10.0,10.0,0.0,0.0,0.0,0.0,0.0,0.0,0,0,0,18.55,18.55,0.0,0.0,1
124,11:05 28/06/2017,HLG,9.6,10.25,8.93,9.0,1.2,9.1,0.1,9.4,0.30000000000000004,0.0,9.6,0.1,0.2,9.6,22.8,9.7,30.9,9.9,19.9,0,0,0,9.6,9.6,0.0,0.0,1
125,13:43 28/06/2017,HMC,9.64,10.3,8.97,9.54,1.0,9.55,11.3,9.56,10.0,-0.01,9.64,11.9,16.9,9.64,45.9,9.69,20.0,9.8,0.1,0,0,0,9.64,9.63,0.0,0.0,1
126,14:46 28/06/2017,HNG,10.55,11.25,9.82,10.55,605.3,10.6,440.2,10.65,217.7,0.15,10.7,833.0,10940.4,10.7,187.5,10.75,98.0,10.8,297.3,0,0,0,10.7,10.45,0.0,1.0,1
127,,HOT,30.4,32.5,28.3,0.0,0.0,0.0,0.0,0.0,0.0,0.0,0.0,0.0,0.0,30.0,2.5,0.0,0.0,0.0,0.0,0,0,0,0.0,0.0,0.0,0.0,1
128,14:46 28/06/2017,HPG,30.65,32.75,28.55,30.55,1227.9,30.6,3241.6,30.65,240.3,0.05,30.7,539.5,19584.5,30.7,853.5,30.75,731.8,30.8,1447.0,0,0,0,30.75,30.55,5517.8,241.1,1
129,14:46 28/06/2017,HQC,3.2,3.42,2.98,3.22,3904.6,3.23,2000.0,3.24,3703.0,0.05,3.25,4779.1,96964.0,3.25,879.5,3.26,45.1,3.27,39.3,0,0,0,3.25,3.14,180.1,380.0,1
130,14:46 28/06/2017,HRC,36.8,39.35,34.25,0.0,0.0,0.0,0.0,0.0,0.0,-2.55,34.25,8.5,8.5,35.6,10.0,36.4,10.0,36.6,5.0,0,0,0,34.25,34.25,0.0,0.0,1
131,14:46 28/06/2017,HSG,31.9,34.1,29.7,31.7,581.3,31.75,1075.9,31.8,628.7,-0.05,31.85,387.0,14762.9,31.85,169.3,31.9,113.9,31.95,364.6,0,0,0,32.05,31.75,3526.5,53.3,1
132,14:46 28/06/2017,HT1,22.3,23.85,20.75,21.9,117.6,21.95,250.0,22.0,64.7,-0.30000000000000004,22.0,260.1,5099.7,22.2,105.7,22.3,100.0,22.35,106.5,0,0,0,22.45,21.9,0.0,5.3,1
133,14:46 28/06/2017,HTI,20.5,21.9,19.1,20.2,15.0,20.3,5.0,20.4,0.30000000000000004,-0.1,20.5,10.0,129.3,20.5,45.8,20.8,51.5,20.85,80.0,0,0,0,20.9,20.4,32.0,0.0,1
134,13:34 28/06/2017,HTL,48.0,51.3,44.65,45.1,2.0,46.2,10.0,46.5,36.0,0.0,48.0,0.1,0.1,48.0,0.2,48.4,8.6,49.0,1.4,0,0,0,48.0,48.0,0.0,0.0,1
135,14:46 28/06/2017,HTV,16.1,17.2,15.0,0.0,0.0,15.0,3.0,15.05,1.2,0.0,16.1,0.1,0.1,16.1,2.2,16.2,8.3,16.3,3.0,0,0,0,16.1,16.1,0.1,0.0,1
136,14:21 28/06/2017,HU1,6.18,6.61,5.75,0.0,0.0,0.0,0.0,6.0,10.0,-0.18,6.0,11.0,12.0,6.17,3.0,6.18,27.9,6.25,5.0,0,0,0,6.18,6.0,0.0,0.0,1
137,14:46 28/06/2017,HU3,9.0,9.63,8.37,8.7,20.0,8.9,2.6,9.0,0.1,0.01,9.01,0.1,0.1,9.2,4.0,9.25,10.8,9.3,30.0,0,0,0,9.01,9.01,0.0,0.0,1
138,14:46 28/06/2017,HVG,6.67,7.13,6.21,6.63,256.6,6.64,94.9,6.65,9.8,-0.02,6.65,600.3,1361.3,6.66,0.1,6.69,0.7000000000000001,6.7,600.0,0,0,0,6.75,6.61,0.0,0.0,1
139,14:46 28/06/2017,HVX,4.5600000000000005,4.87,4.25,4.25,51.5,4.3,25.9,4.4,23.0,-0.26,4.3,0.1,0.7000000000000001,4.7,25.0,4.86,0.30000000000000004,4.87,7.2,0,0,0,4.4,4.3,0.0,0.0,1
140,14:46 28/06/2017,ICF,2.48,2.65,2.31,2.36,10.0,2.4,19.1,2.45,40.0,0.05,2.5300000000000002,0.1,53.4,2.5300000000000002,6.6,2.55,4.8,2.59,5.0,0,0,0,2.55,2.4,0.0,0.0,1
141,14:46 28/06/2017,IDI,6.49,6.94,6.04,6.53,113.7,6.54,36.0,6.55,216.1,0.06,6.55,285.9,7601.2,6.6,25.2,6.61,100.0,6.63,100.0,0,0,0,6.6,6.5,0.0,0.0,1
142,14:46 28/06/2017,IJC,9.48,10.1,8.82,9.26,110.5,9.28,110.0,9.29,45.0,-0.18,9.3,266.6,1474.8,9.3,348.4,9.39,0.30000000000000004,9.4,9.0,0,0,0,9.4,9.3,0.0,27.6,1
143,14:22 28/06/2017,IMP,64.8,69.3,60.3,64.5,33.3,64.6,0.4,64.8,0.8,0.2,64.8,2.0,250.6,65.0,42.6,65.1,30.9,65.3,0.5,0,0,0,65.1,64.2,0.0,0.0,1
144,14:46 28/06/2017,ITA,3.93,4.2,3.66,3.92,724.3,3.93,8153.7,3.94,2016.9,0.01,3.94,2938.0,178290.7,3.95,109.0,3.96,245.1,3.9699999999999998,1085.0,0,0,0,4.07,3.91,5.9,7739.4,1
145,14:46 28/06/2017,ITC,14.0,14.95,13.05,13.8,100.0,13.9,145.3,13.95,50.0,-0.1,14.0,50.0,1571.5,14.0,56.1,14.1,87.8,14.2,88.2,0,0,0,14.1,13.9,0.0,0.0,1
146,14:46 28/06/2017,ITD,21.8,23.3,20.3,21.05,24.8,21.1,6.1,21.2,2.2,-0.75,21.05,9.0,881.3,21.5,32.3,21.6,5.0,21.7,10.0,0,0,0,21.5,21.05,51.7,5.0,1
147,14:46 28/06/2017,JVC,3.19,3.41,2.9699999999999998,3.27,105.1,3.2800000000000002,11.0,3.29,310.0,0.1,3.29,430.6,6690.1,3.3,12.0,3.31,114.2,3.32,13.8,0,0,0,3.41,3.29,110.8,0.0,1
148,13:52 28/06/2017,KAC,34.0,36.35,31.65,0.0,0.0,0.0,0.0,0.0,0.0,0.0,31.65,0.1,0.6000000000000001,31.65,112.1,33.0,21.0,34.0,13.2,0,0,0,31.65,31.65,0.0,0.0,1
149,14:46 28/06/2017,KBC,16.9,18.05,15.75,16.7,205.3,16.75,438.0,16.8,1098.9,-0.1,16.8,948.8,13513.3,16.9,445.6,16.95,374.5,17.0,1787.2,0,0,0,17.0,16.8,333.9,0.0,1
150,14:46 28/06/2017,KDC,45.8,49.0,42.6,45.55,28.6,45.6,120.1,45.7,84.7,-0.1,45.8,57.8,7814.4,45.8,20.5,45.9,152.0,46.0,308.1,0,0,0,46.05,45.6,5095.9,141.0,1
151,14:46 28/06/2017,KDH,28.0,29.95,26.05,27.7,118.8,27.8,112.0,27.9,63.0,-0.1,28.0,50.0,584.0,28.0,54.1,28.1,140.3,28.2,100.3,0,0,0,28.1,27.8,0.0,0.0,1
152,14:46 28/06/2017,KHA,37.5,40.1,34.9,35.5,2.0,35.7,5.0,35.75,0.5,-0.1,37.4,2.0,2.2,37.3,1.2,37.4,5.2,37.5,26.3,0,0,0,37.4,35.6,2.1,0.0,1
153,13:06 28/06/2017,KHP,10.3,11.0,9.58,10.2,76.3,10.25,3.6,10.3,38.6,0.0,10.3,34.4,35.0,10.35,12.7,10.4,50.0,10.45,151.4,0,0,0,10.3,10.3,0.0,0.0,1
154,14:46 28/06/2017,KMR,4.45,4.76,4.14,4.4,10.0,4.41,1.5,4.43,10.0,0.02,4.47,52.0,289.1,4.47,234.8,4.48,51.1,4.49,26.7,0,0,0,4.5,4.38,0.0,0.0,1
155,14:46 28/06/2017,KPF,7.2,7.7,6.7,6.8,1.0,6.9,1.0,7.0,1.0,-0.1,7.2,1.0,201.0,7.2,66.5,7.3,4960.9,7.5,30.0,0,0,0,7.2,7.1,0.0,0.0,1
156,14:46 28/06/2017,KSA,2.37,2.5300000000000002,2.21,2.29,341.2,2.3,1652.3,2.31,764.5,-0.06,2.31,1295.3,13887.7,2.32,0.1,2.33,179.0,2.35,459.2,0,0,0,2.37,2.31,10.2,0.0,1
157,14:46 28/06/2017,KSB,54.4,58.2,50.6,55.8,35.5,55.9,5.0,56.0,128.0,1.7000000000000002,56.1,420.8,10282.5,56.1,44.5,56.2,86.3,56.3,54.4,0,0,0,56.3,54.0,0.0,25.0,1
158,14:46 28/06/2017,KSH,2.77,2.96,2.58,2.71,163.4,2.7199999999999998,100.0,2.73,80.4,-0.03,2.74,8.7,2104.1,2.74,202.2,2.77,1.0,2.7800000000000002,380.5,0,0,0,2.7800000000000002,2.66,0.0,0.0,1
159,14:00 28/06/2017,L10,15.1,16.15,14.05,14.2,10.2,14.5,2.0,14.8,0.6000000000000001,0.0,15.1,0.4,0.4,15.1,0.2,15.2,37.4,15.3,1.0,0,0,0,15.1,15.1,0.0,0.0,1
160,13:49 28/06/2017,LAF,11.1,11.85,10.35,10.35,5.0,10.8,4.0,11.0,20.1,0.6000000000000001,11.7,0.1,29.9,11.7,6.8,0.0,0.0,0.0,0.0,0,0,0,11.7,11.2,0.0,0.0,1
161,14:28 28/06/2017,LBM,43.0,46.0,40.0,43.0,80.0,43.1,35.8,43.2,8.0,0.8,43.8,0.1,38.6,43.8,7.1,43.9,19.9,44.0,14.9,0,0,0,43.8,43.1,12.1,0.0,1
162,14:46 28/06/2017,LCG,9.76,10.4,9.08,9.76,121.7,9.77,10.0,9.78,33.9,0.03,9.79,196.9,5331.0,9.79,52.5,9.8,318.1,9.82,300.0,0,0,0,9.79,9.6,122.4,0.0,1
163,14:46 28/06/2017,LCM,1.04,1.11,0.97,1.02,50.0,1.03,16.0,1.04,68.9,0.03,1.04,39.1,283.4,1.07,2.9,1.08,65.3,1.09,144.9,0,0,0,1.09,1.04,0.0,0.1,1
164,14:46 28/06/2017,LDG,12.5,13.35,11.65,12.4,656.6,12.45,883.0,12.5,484.6,-0.05,12.5,969.5,7919.0,12.55,84.1,12.6,284.0,12.65,76.1,0,0,0,12.6,12.35,0.0,0.0,1
165,13:59 28/06/2017,LEC,24.0,25.65,22.35,25.5,6.8,25.6,18.3,25.65,46.3,1.65,25.65,1.0,475.9,0.0,0.0,0.0,0.0,0.0,0.0,0,0,0,25.65,24.0,0.0,0.0,1
166,,LGC,22.4,23.95,20.85,20.9,1.0,21.5,20.1,21.6,10.0,0.0,0.0,0.0,0.0,22.0,0.4,23.2,10.0,23.3,12.1,0,0,0,0.0,0.0,0.0,0.0,1
167,14:17 28/06/2017,LGL,9.3,9.95,8.65,9.05,27.3,9.1,40.0,9.2,24.0,-0.02,9.28,0.1,117.3,9.28,5.7,9.29,19.0,9.4,10.0,0,0,0,9.3,9.05,0.0,0.0,1
168,14:46 28/06/2017,LHG,21.45,22.95,19.95,20.75,15.0,20.8,9.2,21.0,1.0,-0.30000000000000004,21.15,30.5,1219.8,21.15,8.4,21.2,10.5,21.25,10.5,0,0,0,21.35,20.6,32.1,0.0,1
169,14:46 28/06/2017,LIX,46.5,49.75,43.25,47.15,5.0,47.2,4.5,47.3,1.0,0.8,47.3,20.0,1908.0,48.0,5.0,48.1,5.5,48.2,36.9,0,0,0,48.5,46.5,158.7,1236.7,1
170,14:46 28/06/2017,LM8,23.7,25.35,22.05,22.9,1.0,23.0,5.0,23.1,10.0,-0.9,23.7,1.0,1.8,23.7,8.8,24.0,10.5,24.5,15.0,0,0,0,23.7,22.8,0.0,0.0,1
171,14:46 28/06/2017,LSS,14.6,15.6,13.6,14.4,424.2,14.45,250.0,14.6,26.0,0.05,14.65,172.0,4431.0,14.65,55.5,14.7,75.9,14.75,107.0,0,0,0,14.65,14.25,26.0,9.5,1
172,14:46 28/06/2017,MBB,21.7,23.2,20.2,21.65,290.4,21.7,89.2,21.75,3.0,0.1,21.8,683.4,10700.2,21.8,905.5,21.85,190.8,21.9,728.3,0,0,0,21.8,21.5,0.0,0.0,1
173,14:46 28/06/2017,MCG,3.75,4.01,3.49,3.76,152.0,3.7800000000000002,30.3,3.79,11.0,0.04,3.79,100.0,796.4,3.88,51.0,3.89,74.2,3.9,73.0,0,0,0,3.9,3.7,0.0,0.0,1
174,13:36 28/06/2017,MCP,26.6,28.45,24.75,25.5,10.2,26.0,10.0,26.1,10.0,-0.25,26.35,2.1,12.1,26.25,0.5,26.65,10.0,26.7,10.0,0,0,0,26.35,26.0,0.0,0.0,1
175,,MDG,12.0,12.8,11.2,0.0,0.0,11.3,50.0,11.4,2.0,0.0,0.0,0.0,0.0,12.0,91.2,0.0,0.0,0.0,0.0,0,0,0,0.0,0.0,0.0,0.0,1
176,14:46 28/06/2017,MHC,5.96,6.37,5.55,5.98,205.0,6.0,37.0,6.01,21.5,0.07,6.03,60.0,841.9,6.03,48.7,6.04,51.9,6.05,109.6,0,0,0,6.06,5.94,0.0,0.0,1
177,14:46 28/06/2017,MSN,41.6,44.5,38.7,41.5,125.9,41.55,2.0,41.6,400.9,-0.1,41.6,270.8,2291.2,41.7,8.2,41.8,130.1,41.9,105.2,0,0,0,41.7,41.3,965.5,870.0,1
178,14:46 28/06/2017,MWG,101.3,108.3,94.3,100.2,40.1,100.3,52.1,100.5,51.1,-0.8,100.5,451.3,11110.6,100.7,27.4,100.8,5.7,100.9,56.7,0,0,0,101.0,99.0,0.0,0.0,1
179,14:46 28/06/2017,NAF,24.5,26.2,22.8,24.3,39.0,24.4,100.0,24.5,71.4,0.1,24.6,104.3,670.1,24.6,18.1,24.7,109.8,24.8,91.0,0,0,0,24.7,24.3,0.0,0.0,1
180,13:58 28/06/2017,NAV,7.6,8.13,7.07,0.0,0.0,0.0,0.0,7.07,0.1,0.4,8.0,0.2,3.0,8.0,30.3,8.13,10.0,0.0,0.0,0,0,0,8.0,7.8,0.0,0.0,1
181,14:46 28/06/2017,NBB,18.2,19.45,16.95,17.5,156.5,17.8,200.2,17.9,185.0,-0.2,18.0,0.1,321.2,18.0,120.5,18.2,110.0,18.4,4.0,0,0,0,18.0,17.9,0.0,20.0,1
182,14:24 28/06/2017,NCT,81.0,86.6,75.4,79.8,1.0,79.9,1.0,80.0,73.4,-1.0,80.0,57.6,357.9,80.6,5.0,80.7,5.0,81.0,14.7,0,0,0,81.0,80.0,92.6,122.6,1
183,14:46 28/06/2017,NKG,32.7,34.95,30.45,32.75,205.0,32.8,296.8,32.9,21.5,0.25,32.95,60.5,3808.0,32.95,90.0,33.0,288.3,33.1,85.0,0,0,0,33.0,32.3,0.1,2.0,1
184,14:46 28/06/2017,NLG,30.0,28.95,25.2,27.45,62.5,27.5,152.9,27.55,211.9,-2.35,27.65,210.5,3461.7,27.65,63.7,27.7,109.2,27.75,100.0,0,0,0,28.95,27.15,1077.0,0.0,1
185,14:46 28/06/2017,NNC,84.2,90.0,78.4,83.6,92.9,83.7,6.9,83.8,2.7,-0.2,84.0,0.1,201.4,84.0,17.1,84.2,9.3,84.3,10.0,0,0,0,84.2,83.6,21.2,12.9,1
186,14:46 28/06/2017,NSC,108.0,115.5,100.5,105.6,0.5,106.0,30.5,106.1,0.4,0.4,108.4,2.1,5.3,108.4,4.0,108.5,13.9,108.9,5.8,0,0,0,108.9,106.0,2.3,0.0,1
187,14:46 28/06/2017,NT2,29.0,31.0,27.0,28.7,68.6,28.75,46.0,28.8,49.9,-0.2,28.8,456.8,2290.7,28.9,130.0,28.95,99.0,29.0,194.4,0,0,0,29.0,28.75,1263.8,1400.0,1
188,14:46 28/06/2017,NTL,9.68,10.35,9.01,9.6,358.7,9.61,56.0,9.65,209.8,-0.03,9.65,230.0,1557.5,9.68,0.6000000000000001,9.7,33.7,9.71,150.0,0,0,0,9.7,9.65,0.0,0.0,1
189,14:46 28/06/2017,NVL,68.5,73.2,63.8,67.8,40.0,67.9,11.0,68.0,10.0,0.1,68.6,894.0,5841.8,68.6,46.2,68.7,273.7,68.8,260.1,0,0,0,68.6,67.9,173.4,1065.0,1
190,14:46 28/06/2017,NVT,3.95,4.22,3.68,3.95,540.0,3.96,288.2,3.9699999999999998,110.6,0.04,3.99,58.0,8644.3,3.99,41.4,4.0,219.6,4.01,102.7,0,0,0,4.04,3.91,300.0,0.0,1
191,14:29 28/06/2017,OGC,1.74,1.8599999999999999,1.62,1.8399999999999999,143.6,1.85,894.7,1.8599999999999999,34118.4,0.12,1.8599999999999999,20.0,241067.4,0.0,0.0,0.0,0.0,0.0,0.0,0,0,0,1.8599999999999999,1.75,1491.0,80.3,1
192,14:46 28/06/2017,OPC,53.0,56.7,49.3,50.6,5.0,50.7,1.4,50.8,9.0,0.6000000000000001,53.6,0.7000000000000001,36.5,53.6,2.3,53.7,5.0,53.8,5.0,0,0,0,53.6,50.6,36.4,0.0,1
193,14:46 28/06/2017,PAC,55.0,58.8,51.2,52.9,31.2,53.0,249.8,53.1,27.4,-1.5,53.5,112.0,1875.1,53.4,32.0,53.6,20.1,53.8,45.8,0,0,0,55.0,53.0,16.0,3.1,1
194,14:46 28/06/2017,PAN,41.8,44.7,38.9,40.0,1.0,40.2,9.1,40.3,2.2,-1.5,40.3,4.2,5.2,41.4,6.6,41.5,2.3,41.95,5.0,0,0,0,41.0,40.3,1.0,2.6,1
195,14:46 28/06/2017,PC1,36.7,39.25,34.15,35.6,1.0,35.8,1.0,35.9,36.0,-0.7000000000000001,36.0,179.2,2888.8,36.0,25.9,36.1,249.0,36.2,135.0,0,0,0,36.7,35.8,2401.3,0.0,1
196,14:46 28/06/2017,PDN,73.0,78.1,67.9,68.5,0.2,70.0,0.1,70.5,0.2,1.0,74.0,3.1,4.3,72.9,2.0,73.0,8.6,73.5,2.5,0,0,0,74.0,73.8,4.3,0.0,1
197,14:46 28/06/2017,PDR,27.05,28.9,25.2,27.4,362.1,27.45,336.6,27.5,33.2,0.45,27.5,85.3,7250.2,27.55,44.0,27.6,135.0,27.65,144.0,0,0,0,27.55,26.5,5.5,100.0,1
198,14:46 28/06/2017,PET,11.95,12.75,11.15,11.9,603.4,11.95,20.0,12.05,36.2,0.1,12.05,778.5,6182.2,12.1,202.1,12.15,60.1,12.2,273.0,0,0,0,12.05,11.85,0.0,447.4,1
199,14:46 28/06/2017,PGC,13.85,14.8,12.9,13.8,178.7,13.85,30.5,13.95,474.6,0.1,13.95,0.4,1068.0,14.0,168.7,14.1,13.0,14.15,5.2,0,0,0,14.2,13.9,0.0,0.0,1
200,14:46 28/06/2017,PGD,51.5,55.1,47.9,50.1,102.0,50.2,100.0,50.3,49.0,0.0,51.5,10.0,10.0,51.5,6.5,52.0,250.4,52.5,59.9,0,0,0,51.5,51.5,0.0,0.0,1
201,14:46 28/06/2017,PGI,20.4,21.8,19.0,20.0,71.0,20.2,24.0,20.3,26.1,-0.05,20.4,6.0,623.4,20.4,0.8,20.9,18.1,21.0,26.5,0,0,0,21.0,20.3,140.0,0.0,1
202,14:46 28/06/2017,PHR,34.5,36.9,32.1,34.65,141.0,34.7,155.2,34.8,43.6,0.30000000000000004,34.8,110.8,4347.0,34.85,5.0,34.9,61.1,34.95,14.5,0,0,0,35.0,34.5,0.0,58.0,1
203,,PIT,6.6,7.06,6.14,0.0,0.0,0.0,0.0,6.2,0.5,0.0,0.0,0.0,0.0,6.7,7.3,7.0,16.2,7.06,0.1,0,0,0,0.0,0.0,0.0,0.0,1
204,14:46 28/06/2017,PJT,12.5,13.35,11.65,12.0,10.1,12.1,5.0,12.2,10.0,-0.5,12.5,0.1,185.0,12.5,18.1,12.6,20.0,12.7,10.0,0,0,0,12.5,11.95,0.1,0.0,1
205,14:46 28/06/2017,PLX,68.8,73.6,64.0,68.2,80.0,68.4,11.0,68.5,7.2,-0.2,68.6,142.0,12126.3,68.6,183.0,68.7,311.5,68.8,258.1,0,0,0,69.7,67.3,19.2,115.0,1
206,13:50 28/06/2017,PNC,17.15,18.35,15.95,0.0,0.0,0.0,0.0,15.95,1.0,-0.15,17.0,6.9,7.0,0.0,0.0,0.0,0.0,0.0,0.0,0,0,0,17.0,17.0,0.0,0.0,1
207,14:46 28/06/2017,PNJ,102.0,109.1,94.9,101.7,13.2,101.8,27.7,101.9,4.8,-0.1,101.9,147.5,3086.8,102.1,40.0,102.3,0.30000000000000004,102.5,0.30000000000000004,0,0,0,103.0,101.5,0.0,0.0,1
208,14:46 28/06/2017,POM,15.9,17.0,14.8,15.55,5.0,15.6,29.0,15.7,2.0,0.2,16.1,4.8,244.8,16.15,2.0,16.2,61.3,16.4,15.9,0,0,0,16.2,15.9,0.0,0.0,1
209,14:46 28/06/2017,PPC,19.9,21.25,18.55,20.3,12.5,20.4,152.7,20.5,170.6,0.6000000000000001,20.5,281.4,2479.3,20.6,110.5,20.65,5.0,20.7,32.2,0,0,0,20.7,19.75,86.5,5.0,1
210,14:46 28/06/2017,PPI,2.96,3.16,2.76,2.94,55.7,2.95,140.1,2.96,53.1,0.01,2.9699999999999998,241.4,2765.1,2.9699999999999998,81.4,2.98,100.0,2.99,190.6,0,0,0,2.99,2.93,0.0,0.0,1
211,14:46 28/06/2017,PTB,109.5,117.1,101.9,110.0,230.0,110.1,14.1,110.2,6.1,0.5,110.0,18.0,345.5,110.7,4.3,110.8,8.0,110.9,5.0,0,0,0,111.0,109.5,95.2,0.0,1
212,14:46 28/06/2017,PTC,5.9,6.31,5.49,5.57,10.0,5.59,5.0,5.6,51.3,-0.30000000000000004,5.6,50.0,50.0,6.0,34.1,6.05,7.7,6.1,74.2,0,0,0,5.6,5.6,0.0,0.0,1
213,14:46 28/06/2017,PTL,3.03,3.24,2.8200000000000003,3.08,10.7,3.09,41.2,3.1,0.30000000000000004,0.11,3.14,58.0,3667.5,3.14,47.0,3.15,398.5,3.16,141.5,0,0,0,3.16,3.02,10.2,0.0,1
214,14:46 28/06/2017,PVD,13.7,14.65,12.75,13.9,5895.4,13.95,432.8,14.0,32.8,0.35000000000000003,14.05,1048.7,18424.4,14.05,490.0,14.1,1528.3,14.15,538.0,0,0,0,14.1,13.8,655.0,170.0,1
215,14:46 28/06/2017,PVT,14.75,15.75,13.75,14.75,70.0,14.8,238.3,14.85,50.0,0.15,14.9,204.9,11041.3,14.9,11.3,14.95,1035.4,15.0,1198.5,0,0,0,15.0,14.65,4466.1,211.6,1
216,14:46 28/06/2017,PXI,2.64,2.8200000000000003,2.46,2.7,30.0,2.71,10.0,2.7199999999999998,7.5,0.16,2.8,0.5,25.7,2.8,0.5,2.81,7.1,2.8200000000000003,291.2,0,0,0,2.81,2.79,0.0,0.0,1
217,14:46 28/06/2017,PXS,9.81,10.45,9.13,9.8,166.5,9.81,104.0,9.82,83.4,0.01,9.82,88.8,757.7,9.85,46.8,9.88,32.2,9.89,1.0,0,0,0,9.87,9.8,0.0,0.0,1
218,14:46 28/06/2017,PXT,3.24,3.46,3.02,3.17,10.0,3.2,2.8,3.22,26.4,-0.02,3.22,28.6,240.9,3.2800000000000002,5.0,3.29,6.2,3.3,53.4,0,0,0,3.35,3.12,0.0,21.6,1
219,14:46 28/06/2017,QBS,10.25,10.95,9.54,9.8,40.4,9.9,757.5,9.95,559.9,-0.25,10.0,196.1,5021.2,10.0,78.8,10.1,64.4,10.15,50.2,0,0,0,10.25,9.54,0.0,0.0,1
220,14:46 28/06/2017,QCG,28.8,30.8,26.8,28.7,87.4,28.85,90.4,29.0,121.1,0.2,29.0,1525.5,4101.0,29.1,1.1,29.2,220.4,29.3,212.0,0,0,0,29.2,28.5,0.0,0.0,1
221,14:46 28/06/2017,RAL,133.6,142.9,124.3,133.6,13.0,133.7,2.8,133.8,0.1,1.8,135.4,0.1,130.4,135.4,3.9,135.5,0.5,135.7,5.0,0,0,0,135.9,133.0,0.0,0.0,1
222,14:46 28/06/2017,RDP,16.9,18.05,15.75,16.6,10.0,16.8,20.0,16.9,23.6,0.30000000000000004,17.2,4.0,324.2,17.2,29.7,17.3,27.3,17.4,0.30000000000000004,0,0,0,17.2,16.9,0.0,0.0,1
223,14:51 28/06/2017,REE,36.25,38.75,33.75,36.55,58.5,36.7,100.0,36.9,45.0,0.75,37.0,1292.0,10023.5,37.0,173.2,37.1,12.3,37.2,11.4,0,0,0,37.0,36.15,721.7,704.0,1
224,13:55 28/06/2017,RIC,8.15,8.72,7.58,0.0,0.0,7.58,2.0,7.8,200.0,0.0,8.15,10.0,10.0,8.15,17.1,8.2,10.0,8.7,33.0,0,0,0,8.15,8.15,0.0,10.0,1
225,14:46 28/06/2017,ROS,87.0,93.0,81.0,87.3,4218.5,87.4,3619.2,87.5,5321.5,0.5,87.5,197.3,22595.1,87.6,246.2,87.7,157.3,87.8,200.3,0,0,0,87.6,87.0,106.0,0.0,1
226,13:01 28/06/2017,S4A,20.0,21.4,18.6,0.0,0.0,19.8,20.0,19.85,24.7,-0.15,19.85,0.4,7.5,20.0,20.0,20.25,5.0,20.3,10.0,0,0,0,20.0,19.85,0.0,0.0,1
227,14:47 28/06/2017,SAB,207.4,221.9,192.9,204.0,0.6000000000000001,205.0,0.2,205.1,0.30000000000000004,-0.6000000000000001,206.8,18.6,82.8,206.8,15.9,206.9,10.0,207.0,45.5,0,0,0,207.4,201.2,14.3,14.1,1
228,14:46 28/06/2017,SAM,11.1,11.85,10.35,11.05,210.1,11.1,300.1,11.15,14.6,0.05,11.15,162.7,2839.2,11.2,246.0,11.25,130.9,11.3,247.1,0,0,0,11.25,11.0,0.0,0.0,1
229,13:50 28/06/2017,SAV,12.7,13.55,11.85,12.2,264.0,12.25,1.0,12.5,10.0,-0.1,12.6,20.0,29.9,12.6,5.3,12.7,102.8,12.8,20.0,0,0,0,12.7,12.2,20.0,0.0,1
230,14:46 28/06/2017,SBA,14.5,15.5,13.5,14.65,15.0,14.7,30.0,14.8,19.9,0.30000000000000004,14.8,0.1,385.7,14.85,6.0,14.9,126.0,15.0,232.8,0,0,0,14.9,14.5,0.0,0.1,1
231,14:46 28/06/2017,SBT,35.3,37.75,32.85,35.05,301.5,35.1,212.0,35.15,200.0,-0.1,35.2,1010.2,13745.4,35.2,566.2,35.25,406.8,35.3,774.3,0,0,0,35.3,34.95,145.4,0.0,1
232,14:47 28/06/2017,SBV,44.9,48.0,41.8,43.8,14.6,43.9,10.5,44.0,2.0,-0.9,44.9,0.1,434.0,44.9,4.9,45.0,28.2,45.1,10.3,0,0,0,45.0,44.0,4.0,0.0,1
233,13:01 28/06/2017,SC5,29.9,31.95,27.85,27.85,1.6,28.2,0.5,28.5,5.0,-1.4,29.9,0.6000000000000001,194.1,29.85,1.0,29.9,45.9,30.0,0.5,0,0,0,29.9,28.5,0.0,0.0,1
234,14:16 28/06/2017,SCD,42.3,45.25,39.35,41.5,10.0,41.6,10.0,41.7,13.7,-0.4,41.9,6.0,17.9,41.9,0.1,42.0,47.9,42.1,11.2,0,0,0,42.2,41.8,0.0,0.0,1
235,14:47 28/06/2017,SCR,12.25,13.1,11.4,12.2,2079.9,12.25,1903.8,12.3,1097.2,0.1,12.35,1532.1,29246.5,12.35,324.9,12.4,651.2,12.45,247.7,0,0,0,12.4,12.1,0.0,300.0,1
236,,SFC,27.5,29.4,25.6,26.55,0.6000000000000001,27.0,3.5,27.1,1.0,0.0,0.0,0.0,0.0,28.1,8.6,28.2,10.0,28.3,12.0,0,0,0,0.0,0.0,0.0,0.0,1
237,14:46 28/06/2017,SFG,13.2,14.1,12.3,13.4,220.0,13.45,135.0,13.5,112.9,0.35000000000000003,13.55,16.0,1824.7,13.55,60.0,13.6,103.2,13.7,72.0,0,0,0,13.6,13.2,0.0,0.0,1
238,14:46 28/06/2017,SFI,33.0,35.3,30.7,30.75,0.8,30.8,0.8,31.0,6.4,0.5,33.5,0.5,30.3,33.4,19.5,33.5,128.1,34.0,158.6,0,0,0,35.2,31.0,20.3,0.5,1
239,14:46 28/06/2017,SGT,10.0,10.7,9.3,9.7,20.0,9.75,11.0,9.8,2.0,0.4,10.4,1.1,269.6,10.4,29.7,10.45,17.9,10.5,8.0,0,0,0,10.7,9.53,2.0,0.8,1
240,14:27 28/06/2017,SHA,9.43,10.05,8.77,9.37,2.0,9.38,50.0,9.4,12.8,-0.02,9.41,5.0,1503.4,9.41,23.0,9.42,49.0,9.43,121.3,0,0,0,9.45,9.4,0.0,5.0,1
241,14:46 28/06/2017,SHI,8.63,9.23,8.03,8.57,120.9,8.58,55.5,8.59,37.4,-0.05,8.58,186.7,4949.5,8.6,245.0,8.61,130.0,8.62,146.9,0,0,0,8.65,8.57,3.6,0.0,1
242,14:19 28/06/2017,SHP,23.0,24.6,21.4,21.6,20.0,21.7,44.0,22.7,67.0,-0.30000000000000004,22.7,5.0,16.0,23.0,15.0,24.0,14.1,24.6,4.0,0,0,0,22.8,22.7,0.0,0.0,1
243,14:46 28/06/2017,SII,23.05,24.65,21.45,22.0,30.7,22.05,0.1,22.1,0.1,-0.9,22.15,0.1,0.4,23.65,5.6,23.75,0.1,23.8,0.1,0,0,0,23.05,21.45,0.1,0.0,1
244,14:46 28/06/2017,SJD,25.0,26.75,23.25,24.5,59.7,24.7,1.0,24.8,5.0,-0.30000000000000004,25.0,2.2,258.8,24.9,9.8,25.0,84.5,25.1,10.0,0,0,0,25.0,24.6,2.3,80.0,1
245,14:46 28/06/2017,SJS,28.7,30.7,26.7,28.45,100.0,28.5,40.0,28.6,0.5,-0.1,28.7,0.4,536.2,28.7,460.6,28.8,137.9,28.9,1020.0,0,0,0,28.8,28.6,0.0,0.0,1
246,14:46 28/06/2017,SKG,51.8,55.4,48.2,51.4,25.0,51.5,4.0,51.7,2.0,-0.1,51.7,4.6,1810.7,51.9,93.3,52.0,129.5,52.1,43.4,0,0,0,52.1,51.3,80.8,957.9,1
247,14:46 28/06/2017,SMA,8.5,9.09,7.91,8.3,60.0,8.31,50.0,8.32,60.0,0.4,8.5,10.0,11.9,8.9,33.9,9.0,20.0,9.05,200.0,0,0,0,8.9,8.5,0.0,0.0,1
248,14:46 28/06/2017,SMC,22.5,24.05,20.95,21.6,133.0,21.7,53.5,21.8,60.7,-0.6000000000000001,21.9,77.3,1956.0,21.9,62.3,22.0,147.5,22.1,206.0,0,0,0,22.6,21.5,0.0,0.0,1
249,14:46 28/06/2017,SPM,16.2,17.3,15.1,15.25,10.0,15.5,1.5,15.55,1.6,-0.65,15.55,6.0,61.2,16.15,4.9,16.2,20.0,16.3,2.1,0,0,0,16.15,15.55,15.7,0.0,1
250,14:46 28/06/2017,SRC,16.5,17.65,15.35,16.2,206.2,16.25,10.0,16.3,148.4,-0.2,16.3,100.2,1221.0,16.5,7.6,16.55,100.0,16.6,30.0,0,0,0,16.7,16.3,0.0,150.0,1
251,14:46 28/06/2017,SRF,19.6,20.95,18.25,19.55,10.0,19.6,45.0,19.65,4.7,0.4,20.0,1.2,372.3,20.0,9.3,20.05,50.0,20.1,50.0,0,0,0,20.4,19.5,0.0,0.0,1
252,14:46 28/06/2017,SSC,60.8,65.0,56.6,57.0,0.4,57.1,0.30000000000000004,57.2,0.2,-3.9,56.9,0.4,1.8,61.8,0.4,61.9,0.1,62.0,17.1,0,0,0,62.0,56.9,0.0,0.0,1
253,14:46 28/06/2017,SSI,26.95,28.8,25.1,27.3,146.4,27.35,4.7,27.4,252.9,0.45,27.4,2174.0,35268.7,27.45,295.3,27.5,2307.4,27.55,20.1,0,0,0,27.4,26.85,13396.2,650.3,1
254,13:59 28/06/2017,ST8,27.6,29.5,25.7,26.5,1.5,26.8,0.5,27.0,0.4,-0.2,27.6,1.6,22.5,27.6,3.9,27.8,10.0,28.3,30.0,0,0,0,27.8,26.0,0.0,0.0,1
255,14:46 28/06/2017,STB,14.35,15.35,13.35,14.05,220.7,14.1,673.1,14.15,34.0,-0.15,14.2,1151.3,42673.0,14.2,401.1,14.25,586.4,14.3,874.9,0,0,0,14.4,14.0,743.7,10100.0,1
256,14:46 28/06/2017,STG,25.6,27.35,23.85,25.8,302.9,25.9,252.0,26.0,132.2,0.4,26.0,189.8,4283.9,26.1,20.5,26.2,53.0,26.3,35.1,0,0,0,26.2,25.0,0.0,0.0,1
257,,STK,19.0,20.3,17.7,0.0,0.0,0.0,0.0,17.7,0.4,0.0,0.0,0.0,0.0,19.0,75.3,19.5,5.1,20.3,20.6,0,0,0,0.0,0.0,0.0,0.0,1
258,13:56 28/06/2017,STT,8.51,9.1,7.92,0.0,0.0,0.0,0.0,0.0,0.0,0.59,9.1,0.2,10.2,9.1,11.8,0.0,0.0,0.0,0.0,0,0,0,9.1,9.1,0.0,0.0,1
259,14:46 28/06/2017,SVC,51.7,55.3,48.1,52.2,5.9,52.3,19.0,52.5,0.1,0.8,52.5,5.0,43.6,52.8,8.2,52.9,13.0,53.0,1.0,0,0,0,52.5,52.0,0.0,0.0,1
260,14:15 28/06/2017,SVI,39.8,42.55,37.05,37.2,22.3,37.3,10.0,38.0,5.3,-0.8,39.0,0.2,0.9,42.0,10.0,0.0,0.0,0.0,0.0,0,0,0,39.0,37.05,0.0,0.0,1
261,10:51 28/06/2017,SVT,10.5,11.2,9.77,0.0,0.0,0.0,0.0,0.0,0.0,0.5,11.0,0.1,0.1,10.0,1.0,11.0,30.5,0.0,0.0,0,0,0,11.0,11.0,0.0,0.0,1
262,14:46 28/06/2017,SZL,39.0,41.7,36.3,38.0,53.0,38.05,21.0,38.1,16.0,-0.1,38.9,1.0,305.2,38.6,5.0,38.9,59.9,39.1,49.9,0,0,0,40.0,38.1,88.5,0.0,1
263,11:27 28/06/2017,TAC,51.0,54.5,47.45,49.2,10.4,49.9,0.30000000000000004,50.0,5.7,0.2,51.2,1.2,8.7,51.0,5.0,51.2,10.7,52.0,16.5,0,0,0,51.2,49.05,0.0,0.0,1
264,,TBC,24.5,26.2,22.8,23.0,30.0,23.1,2.0,23.6,31.0,0.0,0.0,0.0,0.0,24.5,4.1,26.2,0.1,0.0,0.0,0,0,0,0.0,0.0,0.0,0.0,1
265,14:47 28/06/2017,TCD,17.7,18.9,16.5,17.55,10.0,17.6,46.9,17.7,170.0,0.30000000000000004,18.0,102.0,2444.8,18.0,52.7,18.1,39.5,18.15,26.2,0,0,0,18.2,17.5,0.0,57.6,1
266,14:47 28/06/2017,TCH,19.35,20.7,18.0,18.8,2.1,18.85,2.0,18.9,1.0,-0.30000000000000004,19.05,612.2,10578.3,19.05,85.1,19.1,20.1,19.2,28.5,0,0,0,19.3,18.6,22.1,0.0,1
267,14:47 28/06/2017,TCL,30.0,32.1,27.9,28.95,105.0,29.0,5.1,29.05,1.0,0.8,30.0,7.0,36.0,30.0,83.0,30.5,11.0,30.7,1.0,0,0,0,30.8,30.0,15.7,29.7,1
268,14:29 28/06/2017,TCM,31.8,34.0,29.6,30.65,195.1,30.7,127.6,30.75,39.4,-0.9,30.9,10.0,9824.6,30.8,50.0,30.9,7.2,30.95,29.2,0,0,0,31.5,30.6,0.0,0.0,1
269,10:15 28/06/2017,TCO,11.2,11.95,10.45,0.0,0.0,10.45,4.4,10.5,1.0,-0.1,11.1,0.1,0.30000000000000004,11.0,28.3,11.1,0.4,0.0,0.0,0,0,0,11.1,10.45,0.0,0.0,1
270,14:47 28/06/2017,TCR,3.95,4.22,3.68,3.77,2.0,3.8,100.0,3.89,19.0,0.0,3.95,0.1,0.1,3.93,111.6,3.94,100.0,3.95,25.5,0,0,0,3.95,3.95,0.0,0.0,1
271,10:54 28/06/2017,TCT,51.4,54.9,47.85,50.8,0.2,50.9,2.1,51.0,16.9,-0.4,51.4,30.0,225.4,51.4,9.4,51.5,5.0,52.0,32.0,0,0,0,51.4,51.0,80.0,0.0,1
272,14:47 28/06/2017,TDC,8.1,8.66,7.54,8.05,16.0,8.06,99.8,8.07,104.0,-0.03,8.07,105.0,716.9,8.1,12.6,8.12,10.0,8.13,60.0,0,0,0,8.14,8.0,0.0,38.5,1
273,14:47 28/06/2017,TDG,10.65,11.35,9.91,10.25,125.0,10.3,140.3,10.4,41.5,-0.25,10.4,101.5,17994.3,10.45,81.0,10.5,263.0,10.55,252.0,0,0,0,10.45,9.91,0.0,0.0,1
274,14:47 28/06/2017,TDH,16.15,17.25,15.05,15.8,1187.3,15.85,191.8,15.9,28.4,-0.15,16.0,446.2,3216.7,16.0,317.7,16.05,308.8,16.1,337.8,0,0,0,16.15,15.85,280.2,32.6,1
275,14:47 28/06/2017,TDW,23.7,25.35,22.05,22.05,5.0,22.35,19.0,22.5,0.30000000000000004,1.3,25.0,0.1,0.2,24.5,1.0,25.0,5.8,25.35,0.6000000000000001,0,0,0,25.0,25.0,0.0,0.0,1
276,14:47 28/06/2017,THG,49.5,52.9,46.05,50.1,1.0,50.2,5.0,50.6,0.30000000000000004,1.5,51.0,4.0,322.6,50.8,2.0,50.9,113.2,51.0,3.5,0,0,0,51.2,49.4,0.0,0.0,1
277,14:17 28/06/2017,THI,47.8,51.1,44.5,45.7,0.1,45.8,0.1,45.9,0.1,-1.8,46.0,0.1,170.8,46.0,9.8,47.7,29.8,47.8,72.0,0,0,0,47.7,44.6,0.0,0.0,1
278,,TIC,14.2,15.15,13.25,0.0,0.0,13.25,5.0,13.3,2.8,0.0,0.0,0.0,0.0,14.0,15.0,14.1,40.0,14.15,20.0,0,0,0,0.0,0.0,0.0,0.0,1
279,13:04 28/06/2017,TIE,12.2,13.05,11.35,12.2,10.0,12.25,0.30000000000000004,12.3,0.1,0.5,12.7,0.2,2.2,12.6,1.7000000000000002,12.75,0.5,12.85,0.5,0,0,0,12.7,12.3,0.0,0.0,1
280,14:47 28/06/2017,TIP,16.0,17.1,14.9,15.85,33.0,15.9,3.0,16.0,65.8,0.1,16.1,0.1,85.3,16.1,20.9,16.15,1.0,16.2,64.0,0,0,0,16.1,16.0,0.0,0.0,1
281,,TIX,28.9,30.9,26.9,29.0,0.1,29.2,0.1,30.9,58.0,0.0,0.0,0.0,0.0,0.0,0.0,0.0,0.0,0.0,0.0,0,0,0,0.0,0.0,0.0,0.0,1
282,14:47 28/06/2017,TLG,141.0,150.8,131.2,0.0,0.0,131.2,2.0,132.0,0.4,-2.0,139.0,1.1,4.7,139.0,8.8,141.0,12.6,142.0,3.0,0,0,0,141.0,139.0,3.2,0.0,1
283,14:47 28/06/2017,TLH,13.05,13.95,12.15,12.9,102.0,13.0,678.5,13.05,410.9,0.05,13.1,408.4,12841.8,13.1,233.1,13.15,23.0,13.2,434.9,0,0,0,13.3,13.0,0.0,0.0,1
284,14:25 28/06/2017,TMP,30.0,32.1,27.9,0.0,0.0,29.0,2.0,29.1,1.0,1.0,31.0,1.4,1.4,31.0,48.6,32.1,10.0,0.0,0.0,0,0,0,31.0,31.0,0.0,0.0,1
285,13:19 28/06/2017,TMS,64.0,68.4,59.6,0.0,0.0,0.0,0.0,0.0,0.0,-1.0,63.0,0.5,8.6,63.0,8.3,63.5,1.1,63.6,0.2,0,0,0,64.0,63.0,8.1,0.0,1
286,14:47 28/06/2017,TMT,12.65,13.5,11.8,12.35,13.1,12.4,89.7,12.5,62.2,-0.05,12.6,10.0,237.6,12.6,3.5,12.7,62.5,12.75,20.4,0,0,0,12.75,12.35,0.0,7.6,1
287,14:47 28/06/2017,TNA,44.0,47.05,40.95,43.1,10.0,43.7,11.6,43.8,15.0,0.4,44.0,12.1,85.7,44.0,2.9,44.3,10.0,44.4,22.0,0,0,0,44.5,44.0,16.0,46.0,1
288,,TNC,11.6,12.4,10.8,11.4,10.1,11.5,20.1,11.6,33.5,0.0,0.0,0.0,0.0,12.0,10.0,12.2,5.1,12.25,0.2,0,0,0,0.0,0.0,0.0,0.0,1
289,14:47 28/06/2017,TNI,9.9,10.55,9.21,9.75,107.8,9.8,135.2,9.9,37.9,-0.1,9.9,430.8,5604.8,9.91,136.0,9.95,63.3,9.97,177.0,0,0,0,10.0,9.68,0.0,0.0,1
290,14:47 28/06/2017,TNT,3.7199999999999998,3.98,3.46,3.87,210.0,3.88,277.0,3.89,142.9,0.17,3.89,371.9,3608.3,3.9,26.3,3.91,10.1,3.95,110.4,0,0,0,3.98,3.7,0.0,0.0,1
291,14:11 28/06/2017,TPC,9.0,9.63,8.37,8.95,3.5,8.98,5.3,9.0,25.2,0.0,9.0,24.8,155.0,9.14,10.0,9.15,30.0,9.19,20.0,0,0,0,9.0,9.0,0.0,0.0,1
292,14:47 28/06/2017,TRA,123.2,131.8,114.6,123.2,10.0,123.3,5.0,123.4,7.4,1.3,124.5,50.0,280.5,124.5,2.4,124.7,4.1,124.8,20.0,0,0,0,125.0,123.4,15.6,106.5,1
293,14:47 28/06/2017,TRC,28.4,30.35,26.45,28.15,45.0,28.2,136.1,28.25,34.0,-0.15,28.25,101.5,479.4,28.4,14.0,28.5,95.2,28.6,30.0,0,0,0,28.8,28.2,0.0,0.0,1
294,14:47 28/06/2017,TS4,8.2,8.77,7.63,7.63,5.6,7.65,5.0,7.7,3.0,-0.01,8.19,11.0,50.4,8.19,28.9,8.2,207.9,8.45,25.0,0,0,0,8.19,7.63,0.0,0.0,1
295,14:47 28/06/2017,TSC,3.81,4.07,3.55,4.0,1059.0,4.01,506.0,4.02,301.0,0.24,4.05,1271.9,30272.8,4.05,1287.1,4.06,978.5,4.07,1363.8,0,0,0,4.05,3.7199999999999998,61.0,30.0,1
296,14:47 28/06/2017,TTF,8.22,8.79,7.65,7.66,13.0,7.7,453.0,7.8,388.8,-0.42,7.8,387.0,5774.6,7.84,84.0,7.85,174.2,7.86,0.1,0,0,0,8.25,7.8,1.4,0.0,1
297,14:47 28/06/2017,TV1,20.4,21.8,19.0,20.6,1.0,20.7,2.0,20.8,0.5,1.4,21.8,25.3,287.5,21.8,48.7,0.0,0.0,0.0,0.0,0,0,0,21.8,19.5,0.0,4.8,1
298,13:43 28/06/2017,TVS,10.7,11.4,9.96,10.35,21.0,10.4,21.0,10.5,4.3,0.05,10.75,1.7000000000000002,2.7,10.7,48.0,10.75,98.4,10.8,90.0,0,0,0,10.75,10.7,0.0,0.0,1
299,13:58 28/06/2017,TYA,10.2,10.9,9.49,9.97,0.1,9.98,0.1,10.0,13.1,-0.22,10.2,0.1,67.3,10.2,64.5,10.3,30.9,10.5,26.5,0,0,0,10.2,9.98,1.4,0.0,1
300,14:47 28/06/2017,UDC,3.83,4.09,3.5700000000000003,3.74,20.0,3.75,0.1,3.8,7.5,-0.03,3.8,42.6,323.7,3.8200000000000003,257.5,3.83,16.6,3.85,300.8,0,0,0,3.81,3.7,0.0,0.0,1
301,14:47 28/06/2017,UIC,33.0,35.3,30.7,31.5,36.1,31.55,4.0,31.7,8.0,-0.4,32.6,2.0,31.6,32.6,9.9,32.7,1.0,32.8,4.0,0,0,0,32.7,31.5,1.2,0.0,1
302,09:15 28/06/2017,VAF,13.1,14.0,12.2,0.0,0.0,0.0,0.0,12.3,2.1,0.9,14.0,0.1,0.1,14.0,32.5,0.0,0.0,0.0,0.0,0,0,0,14.0,14.0,0.0,0.0,1
303,14:48 28/06/2017,VCB,38.25,40.9,35.6,37.9,129.8,37.95,220.1,38.0,30.0,-0.2,38.05,387.8,14005.8,38.05,62.2,38.1,296.8,38.15,240.0,0,0,0,38.3,37.85,3404.6,457.1,1
304,14:11 28/06/2017,VCF,192.0,205.4,178.6,0.0,0.0,192.0,8.8,201.0,3.0,13.0,205.0,9.5,17.4,205.0,3.9,0.0,0.0,0.0,0.0,0,0,0,205.0,195.0,17.4,0.0,1
305,14:47 28/06/2017,VFG,52.0,55.6,48.4,50.6,14.0,50.7,0.30000000000000004,51.0,1.3,-0.1,51.9,1.5,48.7,51.5,1.6,52.0,12.0,52.3,1.1,0,0,0,52.3,50.2,1.1,0.0,1
306,14:47 28/06/2017,VHC,59.0,63.1,54.9,58.0,72.2,58.1,20.0,58.5,2.0,-0.30000000000000004,58.7,1.0,265.7,58.7,4.0,58.8,31.2,59.0,179.6,0,0,0,59.0,58.0,0.0,0.0,1
307,14:47 28/06/2017,VHG,2.37,2.5300000000000002,2.21,2.35,834.0,2.36,1304.9,2.37,6.1,0.01,2.37,702.3,10075.9,2.38,182.5,2.39,586.5,2.4,901.8,0,0,0,2.39,2.35,0.0,20.0,1
308,14:47 28/06/2017,VIC,42.6,45.55,39.65,42.3,290.1,42.35,15.0,42.4,101.0,-0.15,42.45,122.4,2407.3,42.45,49.1,42.5,123.5,42.55,40.0,0,0,0,42.6,42.25,591.6,30.3,1
309,14:47 28/06/2017,VID,8.03,8.59,7.47,8.55,0.1,8.56,0.1,8.59,82.5,0.56,8.59,0.1,1135.5,0.0,0.0,0.0,0.0,0.0,0.0,0,0,0,8.59,8.25,0.0,0.0,1
310,14:47 28/06/2017,VIP,7.5600000000000005,8.08,7.04,7.45,60.4,7.46,5.3,7.5,71.2,-0.05,7.51,2.5,1845.6,7.51,3.5,7.5600000000000005,17.7,7.57,0.5,0,0,0,7.5600000000000005,7.32,0.0,0.0,1
311,14:47 28/06/2017,VIS,24.0,25.65,22.35,24.5,210.0,24.55,100.0,24.6,77.9,0.6000000000000001,24.6,321.5,3226.0,24.7,104.6,24.8,15.0,24.9,20.0,0,0,0,24.6,23.8,1.9,253.7,1
312,14:47 28/06/2017,VJC,125.0,133.7,116.3,124.5,202.5,124.6,39.5,124.7,51.9,-0.2,124.8,34.9,3191.5,124.8,47.9,124.9,39.9,125.0,10.1,0,0,0,126.0,124.6,151.0,423.3,1
313,09:56 28/06/2017,VMD,28.8,30.8,26.8,27.4,0.5,27.5,3.5,27.6,0.5,-1.3,27.5,0.4,0.9,28.9,0.1,29.0,50.0,29.3,1.0,0,0,0,27.5,27.5,0.0,0.0,1
314,14:47 28/06/2017,VNE,10.35,11.05,9.63,10.3,306.0,10.35,480.0,10.4,140.0,0.2,10.55,502.0,3003.1,10.55,99.7,10.6,221.2,10.65,120.0,0,0,0,10.55,10.2,0.0,0.0,1
315,14:47 28/06/2017,VNG,13.4,14.3,12.5,14.0,35.0,14.1,23.1,14.3,14.8,0.9,14.3,0.1,2788.5,0.0,0.0,0.0,0.0,0.0,0.0,0,0,0,14.3,13.0,2.0,0.0,1
316,,VNL,21.5,23.0,20.0,0.0,0.0,0.0,0.0,20.7,10.5,0.0,0.0,0.0,0.0,21.5,1.0,22.0,5.5,22.95,1.7000000000000002,0,0,0,0.0,0.0,0.0,0.0,1
317,14:47 28/06/2017,VNM,153.5,164.2,142.8,155.1,31.3,155.3,10.3,155.4,104.7,1.9,155.4,476.2,9183.2,155.5,802.7,155.6,21.6,155.7,65.2,0,0,0,155.5,153.5,1620.8,2541.8,1
318,14:47 28/06/2017,VNS,21.3,22.75,19.85,21.3,1.7000000000000002,21.35,11.6,21.4,0.1,0.25,21.55,0.5,149.6,21.55,12.0,21.6,8.4,21.7,1.0,0,0,0,22.35,21.35,0.0,0.0,1
319,14:47 28/06/2017,VOS,2.52,2.69,2.35,2.51,220.0,2.52,76.9,2.5300000000000002,464.0,0.05,2.5700000000000003,56.1,6789.6,2.5700000000000003,21.7,2.58,503.1,2.6,279.9,0,0,0,2.68,2.5300000000000002,50.0,0.0,1
320,14:47 28/06/2017,VPH,12.3,13.15,11.45,12.15,158.6,12.2,265.0,12.25,136.0,0.2,12.3,150.9,1438.3,12.3,48.2,12.5,21.1,12.55,16.6,0,0,0,12.5,12.0,4.0,0.0,1
321,14:47 28/06/2017,VPK,8.41,8.99,7.83,8.41,20.8,8.42,1.1,8.5,21.0,0.09,8.5,10.0,42.5,8.7,22.2,8.8,24.8,8.85,21.4,0,0,0,8.85,8.41,0.0,10.0,1
322,11:29 28/06/2017,VPS,19.9,21.25,18.55,0.0,0.0,18.6,10.3,18.7,3.0,-0.1,19.8,0.30000000000000004,0.30000000000000004,19.75,1.6,19.8,2.9,19.9,10.0,0,0,0,19.8,19.8,0.0,0.0,1
323,14:47 28/06/2017,VRC,32.1,34.3,29.9,31.8,25.5,31.9,80.0,32.0,67.4,-0.2,32.1,199.9,2192.3,32.1,4.9,32.7,0.4,32.9,0.1,0,0,0,33.4,31.8,2.0,7.0,1
324,14:47 28/06/2017,VSC,62.5,66.8,58.2,63.4,41.3,63.5,47.5,63.6,100.0,1.2,63.7,62.0,1280.6,63.7,28.3,63.8,0.30000000000000004,63.9,3.0,0,0,0,64.0,62.2,0.0,0.0,1
325,14:47 28/06/2017,VSH,17.35,18.55,16.15,16.9,118.0,16.95,35.5,17.0,5.0,-0.15,17.2,1.0,694.3,17.2,99.0,17.35,241.7,17.4,150.0,0,0,0,17.2,16.95,500.0,0.0,1
326,,VSI,15.1,16.15,14.05,0.0,0.0,15.0,50.0,15.1,50.0,0.0,0.0,0.0,0.0,15.4,1.2,15.5,4.7,15.8,1.0,0,0,0,0.0,0.0,0.0,0.0,1
327,14:47 28/06/2017,VTB,17.35,18.55,16.15,0.0,0.0,16.15,23.0,16.5,0.9,-0.85,17.35,10.8,11.1,17.35,16.5,17.4,31.7,17.45,7.5,0,0,0,17.4,16.5,11.0,0.0,1
328,14:47 28/06/2017,VTO,7.34,7.85,6.83,7.33,50.0,7.34,100.9,7.35,5.0,0.05,7.39,60.1,1652.4,7.39,0.4,7.4,238.2,7.43,5.0,0,0,0,7.4,7.3,0.0,1000.0,1
329,,FUCTVGF1,11.3,12.05,10.55,0.0,0.0,0.0,0.0,0.0,0.0,0.0,0.0,0.0,0.0,11.3,2.9,0.0,0.0,0.0,0.0,0,0,0,0.0,0.0,0.0,0.0,1
330,13:52 28/06/2017,FUCVREIT,15.3,16.35,14.25,0.0,0.0,14.25,5.3,14.3,6.9,-0.1,15.2,0.1,35.2,15.0,10.9,15.2,2.2,15.3,18.9,0,0,0,15.3,14.3,0.0,0.0,1
